序號,廠商,名稱,地址,縣市,縣市代碼
1,Gogoro Network,臺北市公有士東市場站,台北市士林區士東路100號,臺北市,63000
2,Gogoro Network,士林運動中心站,台北市士林區士商路1號,臺北市,63000
3,Gogoro Network,台亞台北士林加油站,台北市士林區中山北路五段570號旁,臺北市,63000
4,Gogoro Network,全聯士林中正店站,台北市士林區中正路115號,臺北市,63000
5,Gogoro Network,社子國小地下停車場B1F站,台北市士林區延平北路6段308號,臺北市,63000
6,Gogoro Network,延平北路5段臨時平面停車場站,台北市士林區延平北路五段1巷,臺北市,63000
7,Gogoro Network,Gogoro 天母忠誠門市站,台北市士林區忠誠路一段101號,臺北市,63000
8,Gogoro Network,天母大葉高島屋百貨公司站,台北市士林區忠誠路二段55號,臺北市,63000
9,Gogoro Network,Gogoro 士林承德服務中心站,台北市士林區承德路4段340號,臺北市,63000
10,Gogoro Network,宏佳騰士林承德店站,台北市士林區承德路四段83號,臺北市,63000
11,Gogoro Network,台北市格致路站,台北市士林區格致路59號,臺北市,63000
12,Gogoro Network,台灣聯通士林官邸場站,台北市士林區福林路100巷11弄交叉口,臺北市,63000
13,Gogoro Network,台北捷運芝山站,台北市士林區福國路70號捷運站1號出口,臺北市,63000
14,Gogoro Network,臺北市樹德公園站,台北市大同區大龍街91巷7號對面,臺北市,63000
15,Gogoro Network,啟聰學校地下停車場B1F站,台北市大同區延平北路四段205號,臺北市,63000
16,Gogoro Network,建成公園地下停車場B1F站,台北市大同區承德路二段31號,臺北市,63000
17,Gogoro Network,建成國中地下停車場B1F站,台北市大同區長安西路37號之1,臺北市,63000
18,Gogoro Network,第一銀行大稻埕分行站,台北市大同區迪化街一段63號,臺北市,63000
19,Gogoro Network,第一銀行重慶北路站,台北市大同區重慶北路二段180號,臺北市,63000
20,Gogoro Network,臺北市四維廣場停車場站,台北市大安區四維路78號對面,臺北市,63000
21,Gogoro Network,Gogoro 師大和平店站,台北市大安區和平東路一段129號,臺北市,63000
22,Gogoro Network,台北捷運六張犁站,台北市大安區和平東路三段168號,臺北市,63000
23,Gogoro Network,國立臺北教育大學站,台北市大安區臥龍街20之1號旁,臺北市,63000
24,Gogoro Network,勝利加油站,台北市大安區建國南路二段75-1號,臺北市,63000
25,Gogoro Network,更生保護會基隆路站,台北市大安區基隆路二段166-1號旁,臺北市,63000
26,Gogoro Network,國立臺灣科技大學站,台北市大安區基隆路四段43號,臺北市,63000
27,Gogoro Network,7-ELEVEN 華電店站,台北市大安區通化街177號,臺北市,63000
28,Gogoro Network,7-ELEVEN 誠安店站,台北市大安區敦化南路1段247巷12號,臺北市,63000
29,Gogoro Network,臺大二活停車場站,台北市大安區羅斯福路4段107號,臺北市,63000
30,Gogoro Network,實踐大學站,台北市中山區大直街70號,臺北市,63000
31,Gogoro Network,第一銀行中山分行站,台北市中山區中山北路二段59巷3弄7號,臺北市,63000
32,Gogoro Network,全家美華店站,台北市中山區北安路819之1號,臺北市,63000
33,Gogoro Network,臺北市新生公園停車場站,台北市中山區民族東路與吉林路口,臺北市,63000
34,Gogoro Network,台北捷運民權西路站,台北市中山區民權西路72號捷運3號出入口,臺北市,63000
35,Gogoro Network,Gogoro 中山松江服務中心站,台北市中山區松江路530號,臺北市,63000
36,Gogoro Network,合作金庫銀行自強分行站,台北市中山區南京東路二段85號,臺北市,63000
37,Gogoro Network,臺北市建國北路高架橋下停車場站,台北市中山區建國北路一段13號對面(近建國北路一段八德路二段口),臺北市,63000
38,Gogoro Network,便利停車場建國站,台北市中山區建國北路二段11巷內空地,臺北市,63000
39,Gogoro Network,7-ELEVEN 金宴店站,台北市中山區建國北路二段151巷8號,臺北市,63000
40,Gogoro Network,榮星花園地下停車場B1F站,台北市中山區建國北路三段39號,臺北市,63000
41,Gogoro Network,7-ELEVEN 榮鑫店站,台北市中山區建國北路三段89及91號前,臺北市,63000
42,Gogoro Network,Gogoro 新生市民服務中心站,台北市中山區新生北路一段23號1樓,臺北市,63000
43,Gogoro Network,臺北市新壽公園站,台北市中山區新生北路三段3巷56號對面,臺北市,63000
44,Gogoro Network,臺北市新生北廣場停車場站,台北市中山區新生北路—段36號前,臺北市,63000
45,Gogoro Network,公館水岸新世界機車臨時平面停車場站,台北市中正區汀州路三段160巷8號,臺北市,63000
46,Gogoro Network,東吳大學城區部站,台北市中正區延平南路133巷底,臺北市,63000
47,Gogoro Network,全聯中正延平店站,台北市中正區延平南路189號,臺北市,63000
48,Gogoro Network,台北喜來登大飯店站,台北市中正區忠孝東路一段12號,臺北市,63000
49,Gogoro Network,SOKER 中正重慶店站,台北市中正區重慶南路二段73號,臺北市,63000
50,Gogoro Network,西湖公園站,台北市內湖區內湖路一段387巷38號,臺北市,63000
51,Gogoro Network,Gogoro 內湖西湖服務中心站,台北市內湖區內湖路一段411巷19弄17號,臺北市,63000
52,Gogoro Network,臺北市立圖書館西湖分館站,台北市內湖區內湖路一段594號,臺北市,63000
53,Gogoro Network,家樂福內湖店站,台北市內湖區民善街88號,臺北市,63000
54,Gogoro Network,台北市網球中心站,台北市內湖區民權東路六段208號,臺北市,63000
55,Gogoro Network,Gogoro 台北內湖服務中心站,台北市內湖區民權東路六段296巷66-3號,臺北市,63000
56,Gogoro Network,臺北市內湖焚化廠站,台北市內湖區安康路228巷11號對面(機車停車場內),臺北市,63000
57,Gogoro Network,台北捷運大湖公園站,台北市內湖區成功路五段11號捷運站1號出口,臺北市,63000
58,Gogoro Network,CITYLINK 內湖店站,台北市內湖區成功路四段188號,臺北市,63000
59,Gogoro Network,內湖運動中心站,台北市內湖區洲子街12號,臺北市,63000
60,Gogoro Network,7-ELEVEN 瓏馬店站,台北市內湖區康樂街213號,臺北市,63000
61,Gogoro Network,遠傳總部大樓站,台北市內湖區瑞光路468號,臺北市,63000
62,Gogoro Network,IKEA 內湖店站,台北市內湖區舊宗路一段128號,臺北市,63000
63,Gogoro Network,麗車坊內湖旗艦店站,台北市內湖區舊宗路一段86號,臺北市,63000
64,Gogoro Network,台亞堤頂交流道加油站,台北市內湖區舊宗路二段111號,臺北市,63000
65,Gogoro Network,全家明興店站,台北市文山區木柵路二段109巷25弄2號1樓、2-1號,臺北市,63000
66,Gogoro Network,全家名門店站,台北市文山區和平東路四段95號,臺北市,63000
67,Gogoro Network,政大加油站,台北市文山區指南路一段53號,臺北市,63000
68,Gogoro Network,全家政富店站,台北市文山區指南路二段145號,臺北市,63000
69,Gogoro Network,景美國小地下停車場B1F站,台北市文山區景文街142巷2號B1樓,臺北市,63000
70,Gogoro Network,福華加油站,台北市文山區興隆路二段244巷1號,臺北市,63000
71,Gogoro Network,台北捷運復興崗站,台北市北投區中央北路三段53巷10號捷運站1號出口,臺北市,63000
72,Gogoro Network,台北捷運忠義站,台北市北投區中央北路四段301號捷運站1號出口,臺北市,63000
73,Gogoro Network,振興公園地下停車場B1F站,台北市北投區天母西路112號B1,臺北市,63000
74,Gogoro Network,Gogoro 北投文林北門市站,台北市北投區文林北路230號1樓,臺北市,63000
75,Gogoro Network,台北捷運石牌站,台北市北投區石牌路一段200號,臺北市,63000
76,Gogoro Network,北投運動中心站,台北市北投區石牌路一段39巷100號,臺北市,63000
77,Gogoro Network,第一銀行北投分行站,台北市北投區光明路133號1、2樓前,臺北市,63000
78,Gogoro Network,台北捷運北投站,台北市北投區光明路1號,臺北市,63000
79,Gogoro Network,台北捷運唭哩岸站,台北市北投區西安街二段253號對面,臺北市,63000
80,Gogoro Network,台亞承德加油站,台北市北投區承德路七段303號旁,臺北市,63000
81,Gogoro Network,台北捷運明德站,台北市北投區明德路95號旁,臺北市,63000
82,Gogoro Network,蒲園商旅站,台北市松山區八德路四段176號,臺北市,63000
83,Gogoro Network,松山區公所站,台北市松山區八德路四段692號,臺北市,63000
84,Gogoro Network,家樂福三民店2F站,台北市松山區三民路160號,臺北市,63000
85,Gogoro Network,民生配水池加壓站停車場站,台北市松山區民生東路四段133號車道出口旁,臺北市,63000
86,Gogoro Network,民有市場地下停車場B1F站,台北市松山區民權東路三段140巷15號,臺北市,63000
87,Gogoro Network,第一銀行延吉站,台北市松山區延吉街13號,臺北市,63000
88,Gogoro Network,合作金庫銀行總行站,台北市松山區長安東路二段225號,臺北市,63000
89,Gogoro Network,全家新健康店站,台北市松山區南京東路四段133巷9弄2號,臺北市,63000
90,Gogoro Network,康晰汽車有限公司站,台北市松山區濱江街375號,臺北市,63000
91,Gogoro Network,和雲台北永吉路停車場站,台北市信義區永吉路120巷83號旁,臺北市,63000
92,Gogoro Network,春光公園地下停車場B1F站,台北市信義區忠孝東路 5 段 666 號,臺北市,63000
93,Gogoro Network,松山工農地下停車場B1F站,台北市信義區忠孝東路五段236巷15號,臺北市,63000
94,Gogoro Network,台北市環保局三張犁分隊部站,台北市信義區忠孝東路五段257號後門,臺北市,63000
95,Gogoro Network,全家新忠隆店站,台北市信義區忠孝東路五段71巷8號,臺北市,63000
96,Gogoro Network,Gogoro瑞協社區電站,台北市信義區松仁路174號(近三犁公園),臺北市,63000
97,Gogoro Network,臺北市松隆平面停車場站,台北市信義區松隆路282號前,臺北市,63000
98,Gogoro Network,府前廣場地下停車場B1F站,台北市信義區松壽路1號,臺北市,63000
99,Gogoro Network,臺北市公共運輸處大樓站,台北市信義區信義路五段300號後,臺北市,63000
100,Gogoro Network,SOKER 台北基隆路店站,台北市信義區基隆路一段131號,臺北市,63000
101,Gogoro Network,臺北市災害應變中心地下停車場B1F站,台北市信義區莊敬路391巷11弄2號,臺北市,63000
102,Gogoro Network,臺北市公有成德市場站,台北市南港區同德路100號,臺北市,63000
103,Gogoro Network,玉成國小地下停車場B1F站,台北市南港區昆陽街23號B1樓,臺北市,63000
104,Gogoro Network,全家研究院店站,台北市南港區研究院路2段70巷1號,臺北市,63000
105,Gogoro Network,台北捷運內湖機廠站,台北市南港區經貿一路265號,臺北市,63000
106,Gogoro Network,南港國小地下停車場B1F站,台北市南港區興東街59號地下一樓,臺北市,63000
107,Gogoro Network,峨眉立體停車場B1F站,台北市萬華區峨眉街83號,臺北市,63000
108,Gogoro Network,家樂福桂林店站,台北市萬華區桂林路1號,臺北市,63000
109,Gogoro Network,山隆萬大加油站,台北市萬華區萬大路207號,臺北市,63000
110,Gogoro Network,山隆華中加油站,台北市萬華區萬大路388號,臺北市,63000
111,Gogoro Network,臺北市公有環南市場站,台北市萬華區環河南路二段245號,臺北市,63000
112,Gogoro Network,臺北市大龍公園站,台北市大同區大龍街262號(近大龍夜市商圈),臺北市,63000
113,Gogoro Network,光華數位新天地站,台北市中正區市民大道三段8號(近市民大道三段/金山北路口),臺北市,63000
114,Gogoro Network,臺北市永吉路120巷平面停車場站,台北市信義區永吉路120巷83號(近永吉路120巷22弄松隆路口),臺北市,63000
115,Gogoro Network,中油石牌愛心加油站,台北市北投區承德路七段139號,臺北市,63000
116,Gogoro Network,臺北市象山公園站,台北市信義區信義路五段150巷與松仁路153巷口電池交換站,臺北市,63000
117,Gogoro Network,USPACE 中油福林停車場站,台北市士林區中山北路五段465號旁電池交換站,臺北市,63000
118,Gogoro Network,臺北市蔣渭水紀念公園站,台北市大同區歸綏街79巷11號,臺北市,63000
119,Gogoro Network,臺北市考選部國家考場站,台北市文山區木柵路一段70巷3號對面電池交換站,臺北市,63000
120,Gogoro Network,臺北市台新金控大樓站 ,台北市大安區仁愛路四段118號,臺北市,63000
121,Gogoro Network,臺北市興隆市場站 ,台北市文山區興隆路二段97號(近興隆路二段/興隆路二段123巷交叉口),臺北市,63000
122,Gogoro Network,臺北市民權公園站,臺北市松山區民權東路四段180號旁(近民權公園地下停車場出入口),臺北市,63000
123,Gogoro Network,應安168 福州停車場站,台北市中正區福州街62號(近福州街/汀州路二段13巷口),臺北市,63000
124,Gogoro Network,臺北市中山市場站,臺北市中山區長安西路3號,臺北市,63000
125,Gogoro Network,臺北市國家兩廳院站,台北市中正區中山南路21-1號(近景福門),臺北市,63000
126,Gogoro Network,臺北市安祥公園旁平面停車場站,台北市大安區信義路3段157巷10弄2號旁,臺北市,63000
127,Gogoro Network,太平洋建設德行東路站,臺北市士林區德行東路249號旁,臺北市,63000
128,Gogoro Network,臺北市中山區興安街站,臺北市中山區興安街近合江街口,臺北市,63000
129,Gogoro Network,臺北市信義廣場站,臺北市信義區松廉路/松智路交叉口(近信義廣場地下停車場1號出口),臺北市,63000
130,Gogoro Network,臺北市中山公園站,臺北市信義區仁愛路四段505號,臺北市,63000
131,Gogoro Network,臺北市樂活公園站,台北市內湖區康樂街61巷2號對面,臺北市,63000
132,Gogoro Network,台北捷運奇岩站,台北市北投區三合街二段489號,臺北市,63000
133,Gogoro Network,臺北市玉泉公園站,台北市大同區西寧北路28號,臺北市,63000
134,Gogoro Network,臺北市萬華站前廣場站,臺北市萬華區康定路380號旁,臺北市,63000
135,Gogoro Network,臺北市南港區向陽路站,台北市南港區向陽路80號旁100公尺電池交換站,臺北市,63000
136,Gogoro Network,Gogoro萬華南寧門市站,台北市萬華區南寧路62、64、66號(近三水街口),臺北市,63000
137,Gogoro Network,臺北市健康公宅站,臺北市松山區健康路305號前方(近健康路/延壽街72巷口),臺北市,63000
138,Gogoro Network,臺北植物園站,臺北市中正區和平西路二段102號前(近和平西路二段104巷口),臺北市,63000
139,Gogoro Network,國立臺北教育大學產學合作暨育成中心站,臺北市中正區和平西路一段90號(近牯嶺街84巷內),臺北市,63000
140,Gogoro Network,臺北市大同區承德路三段站,臺北市大同區承德路三段237號前,臺北市,63000
141,Gogoro Network,台北捷運新北投站,臺北市北投區大業路700號,臺北市,63000
142,Gogoro Network,臺北市前港公園站,臺北市士林區前港街45號,臺北市,63000
143,Gogoro Network,臺北市華江高中站,臺北市萬華區西藏路213號,臺北市,63000
144,Gogoro Network,臺北市民權東路四段站,臺北市松山區敦化北路405巷123弄3號前,臺北市,63000
145,Gogoro Network,臺北市龍門國中站,臺北市大安區建國南路二段305號,臺北市,63000
146,Gogoro Network,臺北市華山公園站,臺北市中山區長安東路一段52巷14號旁(近市民大道二段/長安東路一段52巷口),臺北市,63000
147,Gogoro Network,臺北市榮星公園站,臺北市中山區民權東路三段1號榮星公園,臺北市,63000
148,Gogoro Network,臺北市老松國小站,台北市萬華區康定路250巷,臺北市,63000
149,Gogoro Network,臺北市南港自來水加壓站,臺北市南港區研究院路二段1號,臺北市,63000
150,Gogoro Network,臺北市光復民權站,臺北市松山區光復北路268號前,臺北市,63000
151,Gogoro Network,台北捷運昆陽站,臺北市南港區忠孝東路6段451號,臺北市,63000
152,Gogoro Network,臺北市玉成公園站,台北市南港區中坡南路55號,臺北市,63000
153,Gogoro Network,台北捷運萬芳社區站,臺北市文山區萬芳路60號,臺北市,63000
154,Gogoro Network,臺北市金湖路站,臺北市內湖區金湖路239號旁,臺北市,63000
155,Gogoro Network,台北捷運麟光站,臺北市大安區和平東路3段410號,臺北市,63000
156,Gogoro Network,臺北市環山路站,臺北市內湖區環山路一段56號對面,臺北市,63000
157,Gogoro Network,臺北市金山公園站,臺北市大安區愛國東路31號前,臺北市,63000
158,Gogoro Network,臺北市青年公園站,臺北市萬華區水源路與國興路口,臺北市,63000
159,Gogoro Network,臺北市建國仁愛路口站,臺北市中山區建國南路一段與仁愛路交叉口,臺北市,63000
160,Gogoro Network,臺北市仁愛路林森路口站,臺北市中正區仁愛路一段,臺北市,63000
161,Gogoro Network,Gogoro 信義信安門市站,臺北市信義區信安街202號,臺北市,63000
162,Gogoro Network,師大校本部站,臺北市大安區師大路9號,臺北市,63000
163,Gogoro Network,Gogoro大安敦南門市站,臺北市大安區敦化南路1段142號,臺北市,63000
164,Gogoro Network,臺北市景勤二號公園站,臺北市信義區信安街56號對面(近景勤二號公園),臺北市,63000
165,Gogoro Network,臺北市南港自來水加壓站,台北市南港區大坑街南港自來水加壓站旁電池交換站(南港區中南段),臺北市,63000
166,Gogoro Network,臺北市玉泉公園站,臺北市大同區西寧北路與鄭州路口電池交換站,臺北市,63000
167,Gogoro Network,台北捷運唭哩岸站,台北市北投區西安街二段354號斜對面(立農段五小段586地號),臺北市,63000
168,Gogoro Network,南港軟體園區站,臺北市南港區園區街3號,臺北市,63000
169,Gogoro Network,臺北市中山天母路口站,臺北市士林區天母西路3-53號前,臺北市,63000
170,Gogoro Network,國立臺北大學臺北校區站,臺北市中山區民生東路三段67號,臺北市,63000
171,Gogoro Network,U-POWER 內湖民善站,臺北市內湖區民善路與新湖一路交叉口,臺北市,63000
172,Gogoro Network,U-POWER 台北文山木柵站,臺北市文山區木柵路四段123號,臺北市,63000
173,Gogoro Network,T.CBD台塑總部站,台北市內湖區南京東路六段370號,臺北市,63000
174,Gogoro Network,臺北市臨沂街平面停車場站,臺北市中正區金山南路一段79巷9號,臺北市,63000
175,Gogoro Network,臺北市文山運動中心站,臺北市文山區興隆路三段222號,臺北市,63000
176,Gogoro Network,臺北市信義區富台里站,臺北市信義區虎林街120巷270號對面,臺北市,63000
177,Gogoro Network,貓空茶推廣中心停車場站,臺北市文山區指南路三段40巷8-4號,臺北市,63000
178,Gogoro Network,臺北市數位產業園區站,臺北市大同區承德路三段287號,臺北市,63000
179,Gogoro Network,臺北市警察局信義分局站,臺北市信義區信義路五段17號,臺北市,63000
180,Gogoro Network,臺北市東湖二號公園站,臺北市內湖區康寧路三段99巷39弄19-1號,臺北市,63000
181,Gogoro Network,臺北市吉祥平面停車場站,臺北市松山區光復北路11巷81號,臺北市,63000
182,Gogoro Network,臺北市永樂國小站,臺北市大同區涼州街84號對面,臺北市,63000
183,Gogoro Network,臺北市新新公園站,臺北市南港區南港路三段47巷8號對面,臺北市,63000
184,Gogoro Network,慈濟北投大愛電視台站,臺北市北投區立德路8號,臺北市,63000
185,Gogoro Network,中油康寧加油站,台北市內湖區康寧路三段30號,臺北市,63000
186,Gogoro Network,國立政治大學所屬指南派出所旁機車停車場站,臺北市文山區指南路二段177號旁,臺北市,63000
187,Gogoro Network,臺北市萬有公園站,臺北市文山區景隆街22號對面,臺北市,63000
188,Gogoro Network,臺北市中山區中央里站,臺北市中山區松江路199號前,臺北市,63000
189,Gogoro Network,臺北市東陽公園站,臺北市南港區重陽路187巷6號,臺北市,63000
190,Gogoro Network,臺北市扶輪親恩公園站,臺北市內湖區行忠路139號旁,臺北市,63000
191,Gogoro Network,臺北市警察局臥龍街派出所站,臺北市大安區臥龍區206號旁,臺北市,63000
192,光捷,台北-新豐騎士用品店,台北市大同區承德路三段291號,臺北市,63000
193,光捷,台北-家樂福三民店,台北市松山區三民路160號,臺北市,63000
194,光捷,台北-家樂福天母店,台北市士林區德行西路47號,臺北市,63000
195,光捷,台北-家樂福內湖店,台北市內湖區民善街88號,臺北市,63000
196,光捷,台北-萊爾富北市中原二店,台北市中山區中原街77號,臺北市,63000
197,光捷,台北-萊爾富北市山擎店,台北市中山區天祥路70號,臺北市,63000
198,光捷,台北-大千國際開發,台北市大同區承德路二段164號,臺北市,63000
199,光捷,台北-展欣豪車業有限公司,台北市中山區民權東路二段126號,臺北市,63000
200,光捷,台北-台灣7天精品旅店,台北市萬華區環河南路二段282號,臺北市,63000
201,光捷,台北-禾豐精品,台北市大同區庫倫街1號,臺北市,63000
202,光捷,台北-建安重車有限公司,台北市信義區嘉興街181巷6號,臺北市,63000
203,光捷,台北-光明車業有限公司,台北市信義區基隆路二段165號,臺北市,63000
204,光捷,台北-德龍車業,台北市士林區故宮路41巷1號,臺北市,63000
205,光捷,台北-葉陽車業行,台北市內湖區民權東路六段320號,臺北市,63000
206,光捷,台北-車麗屋松江店,台北市中山區松江路550號,臺北市,63000
207,光捷,台北-車麗屋行忠店,台北市內湖區行忠路67號,臺北市,63000
208,光捷,台北-瀚立車業行,台北市文山區恆光街19號,臺北市,63000
209,光捷,台北-中油福林站加油站,台北市士林區中山北路五段465號,臺北市,63000
210,光捷,台北-中油新生南路站加油站,台北市大安區仁愛路三段1號,臺北市,63000
211,光捷,台北-中油中崙站加油站,台北市中山區八德路二段214號,臺北市,63000
212,光捷,台北-中油汀州路站加油站,台北市中正區汀州路三段1號,臺北市,63000
213,光捷,台北-中油林森北路站加油站,台北市中正區林森北路11號,臺北市,63000
214,光捷,台北-中油內湖站加油站,台北市內湖區民權東路六段50號,臺北市,63000
215,光捷,台北-中油南港站加油站,台北市南港區南港路二段50號,臺北市,63000
216,光捷,台北-中油富陽街站加油站,台北市大安區富陽街129號,臺北市,63000
217,光捷,台北-明欣機車行,台北市中山區吉林路401號,臺北市,63000
218,光捷,台北-嘉能事業有限公司,台北市文山區木新路三段29號,臺北市,63000
219,光捷,台北-建成機車,台北市萬華區萬大路424巷83號,臺北市,63000
220,光捷,台北-昇陽綠能企業社,台北市內湖區成功路三段90號,臺北市,63000
221,光捷,台北-進揚機車行,台北市大同區重慶北路二段164號,臺北市,63000
222,光捷,台北-捷利機車行,台北市北投區大同街202之2號,臺北市,63000
223,光捷,台北-英全機車行,台北市中山區北安路656號,臺北市,63000
224,光捷,台北-安忻車業,台北市南港區南港路三段314巷16號,臺北市,63000
225,光捷,台北-友誠機車行,台北市南港區八德路四段832號,臺北市,63000
226,光捷,台北-翔偉機車行,台北市信義區福德街66號,臺北市,63000
227,光捷,台北-德勝車業,台北市文山區興隆路一段139號,臺北市,63000
228,光捷,台北-益欣車業,台北市文山區木柵路二段109巷23號,臺北市,63000
229,光捷,台北-宏大機車行,台北市文山區木新路二段112號,臺北市,63000
230,光捷,台北-興陽車業行,台北市文山區興隆路二段155號,臺北市,63000
231,光捷,台北-鋒權輪機車精品,台北市文山區興隆路二段249號,臺北市,63000
232,光捷,台北-運詳機車有限公司,台北市文山區久康街1號,臺北市,63000
233,光捷,台北-祥騰機車行,台北市文山區景興路94號,臺北市,63000
234,光捷,台北-青林車業,台北市文山區景興路172號,臺北市,63000
235,光捷,台北-高旺車業,台北市文山區羅斯福路五段182號,臺北市,63000
236,光捷,台北-旺佳車業,台北市文山區羅斯福路六段52號,臺北市,63000
237,光捷,台北-辰昶車業,台北市信義區信安街80號,臺北市,63000
238,光捷,台北-益昇機車行,台北市信義區莊敬路214號,臺北市,63000
239,光捷,台北-尚億車業有限公司,台北市萬華區萬大路500號,臺北市,63000
240,光捷,台北-加祥車業,台北市大同區延平北路二段256號,臺北市,63000
241,光捷,台北-嘉能事業有限公司二站,台北市文山區木新路三段29號,臺北市,63000
242,光捷,台北-旺利車業行,台北市文山區興隆路二段243號,臺北市,63000
243,光捷,台北-嘉盛車業有限公司,台北市士林區延平北路六段139號,臺北市,63000
244,光捷,台北-金讚汽車中正廠,台北市中正區泉州街22號,臺北市,63000
245,光捷,台北-柏成車業,台北市內湖區成功路四段331號,臺北市,63000
246,光捷,台北-老羅機車行,台北市松山區塔悠路206號,臺北市,63000
247,光捷,台北-璟興車業有限公司,台北市萬華區西園路二段265號,臺北市,63000
248,光捷,台北-群輝車業,台北市信義區永吉路237號,臺北市,63000
249,光捷,台北-力鼎機車行,台北市信義區基隆路一段99號,臺北市,63000
250,光捷,台北-大仁北醫店,台北市信義區莊敬路325巷38號,臺北市,63000
251,光捷,台北-技專機車行,台北市南港區昆陽街157巷11號,臺北市,63000
252,光捷,台北-成豈車業,台北市南港區東新街8之5號,臺北市,63000
253,光捷,台北-南港研究院路二段站,台北市南港區研究院路二段84巷3號,臺北市,63000
254,光捷,台北-三育機車,台北市文山區景隆街54號,臺北市,63000
255,光捷,台北-大祥機車行,台北市內湖區星雲街61號,臺北市,63000
256,光捷,台北-新廣新機車行,台北市內湖區金龍路148號,臺北市,63000
257,光捷,台北-便利購士林雨聲店,台北市士林區雨聲街52號、52-1號、52巷1號,臺北市,63000
258,光捷,台北-便利購台北酒泉店,台北市大同區酒泉街105號,臺北市,63000
259,光捷,台北-國立車業,台北市內湖區康樂街95號,臺北市,63000
260,光捷,台北-玟樺機車行,台北市內湖區內湖路一段91巷7號,臺北市,63000
261,光捷,台北-中一車業行,台北市大同區蘭州街42號,臺北市,63000
262,光捷,台北-好記機車行,台北市松山區民權東路五段19號,臺北市,63000
263,光捷,台北-和撒那車業行,台北市信義區吳興街281巷52號,臺北市,63000
264,光捷,台北-正中機車行,台北市萬華區雙和街75號,臺北市,63000
265,光捷,台北-中山松江路站,台北市中山區松江路534號,臺北市,63000
266,光捷,台北-泰承車業,台北市士林區大南路334號,臺北市,63000
267,光捷,台北-鴻源機車行,台北市信義區松隆路292號,臺北市,63000
268,光捷,台北-新明機車材料行,台北市內湖區新明路304-1號,臺北市,63000
269,光捷,台北-四維通,台北市內湖區民權東路六段130號,臺北市,63000
270,光捷,台北-興揚機車,台北市南港區南港路三段16巷4號,臺北市,63000
271,光捷,台北-興陽機車行,台北市內湖區五分街39號,臺北市,63000
272,光捷,台北-東龍旺車業,台北市萬華區東園街133號,臺北市,63000
273,光捷,台北-聯盈機車材料行,台北市北投區中央北路四段545號,臺北市,63000
274,光捷,台北-黑騎士工坊,台北市大安區通化街19巷39號,臺北市,63000
275,光捷,台北-雄發車業,台北市北投區吉利街119號,臺北市,63000
276,光捷,台北-大輝車業有限公司,台北市南港區忠孝東路七段600號,臺北市,63000
277,光捷,台北-百傑車業行,台北市北投區中央北路二段303號,臺北市,63000
278,光捷,台北-日新汽車,台北市松山區八德路四段282號,臺北市,63000
279,光捷,台北-萬華西藏路站,台北市萬華區西藏路450之3號,臺北市,63000
280,光捷,台北-大千國際開發二站,台北市大同區承德路二段164號,臺北市,63000
281,光捷,台北-大千國際開發三站,台北市大同區承德路二段164號,臺北市,63000
282,光捷,台北-萊爾富北市奇岩店,台北市北投區中央南路二段5、7號,臺北市,63000
283,光捷,台北-萊爾富北市安興店,台北市大安區復興南路2段148號,臺北市,63000
284,光捷,台北-萊爾富北市社子店,台北市士林區社子街63巷2號,臺北市,63000
285,光捷,台北-萊爾富士林花好店,台北市士林區重慶北路四段78號及80號,臺北市,63000
286,光捷,台北-萊爾富北市立農店,台北市北投區義理街96號及立農街2段292號,臺北市,63000
287,光捷,台北-萊爾富內湖樂康店,台北市內湖區康樂街136巷18弄1號,臺北市,63000
288,光捷,台北-萊爾富北市安泰店,台北市內湖區安泰街31號,臺北市,63000
289,光捷,台北-萊爾富北市金碧店,台北市內湖區金龍路64、66號,臺北市,63000
290,光捷,台北-萊爾富北市湖康店,台北市內湖區文湖街21巷26、28號,臺北市,63000
291,光捷,台北-萊爾富北市南港二店,台北市南港區忠孝東路七段639號,臺北市,63000
292,光捷,台北-萊爾富南港慈祐宮店,台北市南港區南港路三段358、360號,臺北市,63000
293,光捷,台北-萊爾富北市文武店,台北市文山區羅斯福路五段203號,臺北市,63000
294,光捷,台北-萊爾富文山大王店,台北市文山區木新路二段141、143號,臺北市,63000
295,光捷,台北-7ELEVEN新萬隆店,台北市文山區羅斯福路六段20號22號,臺北市,63000
296,光捷,台北-7ELEVEN華興店,台北市文山區木柵路一段284號286號,臺北市,63000
297,光捷,台北-7ELEVEN景興店,台北市文山區景興路113號115號,臺北市,63000
298,光捷,台北-7ELEVEN萬福店,台北市文山區萬年里羅斯福路五段170巷33及35號,臺北市,63000
299,光捷,台北-7ELEVEN羅斯福店,台北市文山區羅斯福路五段216號,臺北市,63000
300,光捷,台北-7ELEVEN景捷店,台北市文山區景福街252號,臺北市,63000
301,光捷,台北-草山車業,台北市北投區東陽街470號,臺北市,63000
302,光捷,台北-玖宏車業,台北市大同區雙連街45號,臺北市,63000
303,光捷,台北-永盛機車行,台北市萬華區環河南路二段300號,臺北市,63000
304,光捷,台北-先進國際車業,台北市北投區立賢路63號,臺北市,63000
305,光捷,台北-炫超車業,台北市文山區興隆路四段23號,臺北市,63000
306,光捷,台北-永盛機車行二站,台北市萬華區環河南路二段300號,臺北市,63000
307,光捷,台北-蠻牛車業,台北市內湖區內湖路二段61號,臺北市,63000
308,光捷,台北-雙欣車行,台北市松山區民生東路四段80巷13號,臺北市,63000
309,光捷,台北-昕蕎髮藝,台北市北投區永興路一段31號,臺北市,63000
310,光捷,台北-金輪機車行,台北市士林區中山北路六段405巷79號,臺北市,63000
311,光捷,台北-尚興車業行,台北市中正區中華路二段173號,臺北市,63000
312,光捷,台北-義成車行,台北市北投區中央南路一段225巷4號,臺北市,63000
313,光捷,台北-福盛全有限公司,台北市北投區中央南路一段210號,臺北市,63000
314,光捷,台北-環南市場,台北市萬華區環河南路二段245號,臺北市,63000
315,光捷,台北-士林永平街站,台北市士林區永平街39號,臺北市,63000
316,光捷,台北-尚勇機車行,台北市松山區八德路四段332號,臺北市,63000
317,光捷,台北-振昇機車行,台北市北投區中和街241號,臺北市,63000
318,光捷,台北-愛眉山莊,台北市文山區辛亥路四段77巷92弄1號,臺北市,63000
319,光捷,台北-日星車業行,台北市松山區八德路三段198號,臺北市,63000
320,光捷,台北-台灣大學公館平面停車場,台北市大安區羅斯福路四段3號,臺北市,63000
321,光捷,台北-祥光機車行,台北市北投區中央北路四段398號,臺北市,63000
322,光捷,台北-茶咖商行,台北市士林區社中街133號,臺北市,63000
323,光捷,台北-三之三車業,台北市中正區重慶南路三段56號,臺北市,63000
324,光捷,台北-協展機車行,台北市士林區德行東路149號,臺北市,63000
325,光捷,台北-上益車業行,台北市北投區文林北路94巷133號,臺北市,63000
326,光捷,台北-力通機車行,台北市北投區公館路146號,臺北市,63000
327,光捷,台北-OK便利商店內湖金龍店,台北市內湖區內湖路三段60巷10弄1號,臺北市,63000
328,光捷,台北-OK便利商店台北景聯店,台北市信義區吳興街110號,臺北市,63000
329,光捷,台北-OK便利商店萬大店,台北市萬華區萬大路423巷12號,臺北市,63000
330,光捷,台北-OK便利商店北投吉利店,台北市北投區吉利街140號,臺北市,63000
331,光捷,台北-車王二輪社,台北市大安區延吉街64之1號,臺北市,63000
332,光捷,台北-隆發車業,台北市中正區重慶南路三段135號,臺北市,63000
333,光捷,台北-金展機車行,台北市北投區自強街62號,臺北市,63000
334,光捷,台北-弘安重車,台北市中正區汀洲路二段192號,臺北市,63000
335,光捷,台北-大仁車業,台北市信義區松隆路80號,臺北市,63000
336,光捷,台北-裕源車業行,台北市信義區永吉路27號,臺北市,63000
337,光捷,台北-興羨車業,台北市中山區興安街65號,臺北市,63000
338,光捷,台北-日立永大電梯股份有限公司,台北市大安區敦化南路二段63巷54弄6號,臺北市,63000
339,光捷,台北-祐泰電能車業,台北市中山區德惠街202號,臺北市,63000
340,光捷,台北-全益機車行,台北市中山區中山北路二段59巷34號,臺北市,63000
341,光捷,台北-學生機車行,台北市士林區華岡路31之3號,臺北市,63000
342,光捷,台北-國民車鋪,台北市松山區民權東路五段9號,臺北市,63000
343,光捷,台北-大瑩車業行,台北市大同區承德路三段20號,臺北市,63000
344,光捷,台北-南港高工,台北市南港區興中路29號,臺北市,63000
345,光捷,台北-興鈺國際,台北市松山區健康路325巷36號,臺北市,63000
346,光捷,台北-盛鑫電能有限公司,台北市士林區永平街35號,臺北市,63000
347,光捷,台北-中油降2元站加油站,台北市北投區承德路六段359號,臺北市,63000
348,中油,中油信義路站,台北市大安區信義路四段374號,臺北市,63000
349,中油,中油新生北路站,台北市中山區新生北路二段71號,臺北市,63000
350,中油,中油內湖麗山街站,台北市內湖區內湖路一段362號,臺北市,63000
351,中油,中油西湖站,台北市內湖區內湖路一段59號,臺北市,63000
352,中油,中油東湖站,台北市內湖區康寧路三段225號,臺北市,63000
353,中油,中油康寧加油站,台北市內湖區康寧路三段30號,臺北市,63000
354,中油,中油萬隆站,台北市文山區興隆路一段13號,臺北市,63000
355,中油,中油北投加油站,台北市北投區承德路七段384號,臺北市,63000
356,中油,中油民生東路站,台北市松山區三民路126號,臺北市,63000
357,中油,中油復興北路加油站,台北市松山區復興北路31號,臺北市,63000
358,中油,中油中崙站,台北市中山區八德路二段214號,臺北市,63000
359,中油,中油福林站,台北市士林區中山北路五段465號,臺北市,63000
360,中油,中油內湖站,台北市內湖區民權東路六段50號,臺北市,63000
361,中油,中油新生南路站,台北市大安區仁愛路三段1號,臺北市,63000
362,中油,中油南港站,台北市南港區南港路二段50號,臺北市,63000
363,中油,中油汀州路站,台北市中正區汀州路三段1號,臺北市,63000
364,中油,中油富陽街站,台北市大安區富陽街129號,臺北市,63000
365,中油,中油林森北路站,台北市中正區林森北路11號,臺北市,63000
